{
    "ND": 0.9992417334382397,
    "RMSE": 10.140696512216659,
    "test_loss": 5.4040621356110075
}