{
    "ND": 1.222981831087554,
    "RMSE": 2.226922589626854,
    "test_loss": 4.484114115700793,
    "rou90": 29748.816524364698,
    "rou50": 68408.67097184299
}