{
    "ND": 1.0180128389184475,
    "RMSE": 2.2901319763733854,
    "test_loss": 4.594965966068097,
    "rou90": 30052.859819429395,
    "rou50": 70578.30370530878
}