{
    "ND": 1.007435704771438,
    "RMSE": 5.639015933145638,
    "test_loss": 4.929399468720849
}