{
    "ND": 1.0411429925045137,
    "RMSE": 2.2896485198265424,
    "test_loss": 4.486869078678871,
    "rou90": 29974.174536889866,
    "rou50": 69233.80758893737
}