{
    "ND": 1.0627004815449104,
    "RMSE": 1.886301398884562,
    "test_loss": 4.5499869548740675
}