{
    "ND": 1.415975462970716,
    "RMSE": 2.2567861232721027,
    "test_loss": 4.495474689540578
}