{
    "ND": 1.007834645946826,
    "RMSE": 5.639015873413012,
    "test_loss": 5.205706859987173
}