{
    "ND": 0.9998988553999608,
    "RMSE": 4.028532834960593,
    "test_loss": 8.165238164645523
}