{
    "ND": 1.0487914360155,
    "RMSE": 1.6213691023623529,
    "test_loss": 4.203020812077309
}