{
    "ND": 1.0254417658446875,
    "RMSE": 4.016195378635714,
    "test_loss": 6.118007776061101,
    "rou90": 10.931254373964562,
    "rou50": 28.47480304934225
}