{
    "ND": 1.0080614883801287,
    "RMSE": 4.03010380034957,
    "test_loss": 11.166539725687967,
    "rou90": 10.905504436267563,
    "rou50": 28.42409498957195
}