{
    "ND": 1.0001819322231131,
    "RMSE": 5.144125386271567,
    "test_loss": 7.820983449451959
}