{
    "ND": 2.3072602047005537,
    "RMSE": 7.22981323638399,
    "test_loss": 6.353243681494869
}