{
    "ND": 3.2121382183751455,
    "RMSE": 4.897143290694149,
    "test_loss": 6.805329425868703,
    "rou90": 223.4753108599035,
    "rou50": 107.745226351365
}