{
    "ND": 1.0044864532197673,
    "RMSE": 3.8798033887585883,
    "test_loss": 5.126453292618937
}