{
    "ND": 1.4759315893768894,
    "RMSE": 5.269590481441975,
    "test_loss": 6.932049105060634,
    "rou90": 224.026125733017,
    "rou50": 113.6647157351551
}