{
    "ND": 0.9996356382163982,
    "RMSE": 3.7725274372270614,
    "test_loss": -1.229698974609375
}