{
    "ND": 1.0007808421669344,
    "RMSE": 22.383845363874563,
    "test_loss": 6.424714226973684
}