{
    "ND": 1.0916433764301194,
    "RMSE": 1.5530292502862117,
    "test_loss": -2.1427940266927084
}