{
    "ND": 1.0000547733304637,
    "RMSE": 3.6816570760780554,
    "test_loss": -1.1041319515830592
}