{
    "ND": 1.0249510983131311,
    "RMSE": 1.7942296070454764,
    "test_loss": 3.5520969752261515
}