{
    "ND": 1.0022539461359017,
    "RMSE": 2.7389881700668295,
    "test_loss": -1.3994473909076892
}