{
    "ND": 0.9996415157156509,
    "RMSE": 30.63872379829644,
    "test_loss": 13.631996299342106
}