{
    "ND": 1.6045664932178751,
    "RMSE": 1.4430118120185682,
    "test_loss": -2.2307474772135416
}