{
    "ND": 1.7932992570508395,
    "RMSE": 2.1822012876271657,
    "test_loss": 0.23045423825581868
}