{
    "ND": 0.08348373054798393,
    "RMSE": 0.5279309130597417,
    "test_loss": 5.535219522775327
}