{
    "ND": 1.0534304175184381,
    "RMSE": 1.6081519107088897,
    "test_loss": 4.016717593544408
}