{
    "ND": 1.0155603732557317,
    "RMSE": 1.9650639430708103,
    "test_loss": 5.89830153735716
}