{
    "ND": 1.864188558381567,
    "RMSE": 2.3786146820004737,
    "test_loss": 0.1774499053955078
}