{
    "ND": 9.965635363297338,
    "RMSE": 10.102750175315752,
    "test_loss": 0.5896359252929687
}