{
    "ND": 1.0041114426850006,
    "RMSE": 2.2402225560283733,
    "test_loss": -1.8365653483072917
}