{
    "ND": 1.9967441666038297,
    "RMSE": 2.3693904559117986,
    "test_loss": 0.1921304702758789
}