{
    "ND": 1.347246488525983,
    "RMSE": 1.7780907956055574,
    "test_loss": 3.587958054315476
}