{
    "ND": 1.1271122518543,
    "RMSE": 2.629282000061161,
    "test_loss": 3.9270074371793378,
    "rou90": 12.715702587991197,
    "rou50": 29.964515820733983
}