{
    "ND": 2.267027950791107,
    "RMSE": 1.5150270000540078,
    "test_loss": 4.109792152518657,
    "rou90": 8.088751732072264,
    "rou50": 13.096004795671403
}