{
    "ND": 1.2281818239032933,
    "RMSE": 2.626833124639925,
    "test_loss": 4.108947006908815
}