{
    "ND": 1.0472684911364107,
    "RMSE": 2.8037069501607754,
    "test_loss": 3.451646191041861,
    "rou90": 12.271744451169475,
    "rou50": 30.734282236817883
}