{
    "ND": 1.041478232458915,
    "RMSE": 2.8067261287920173,
    "test_loss": 3.554651808098181
}