{
    "ND": 1.696188342962346,
    "RMSE": 1.6750341396910486,
    "test_loss": 3.195030737704918
}