{
    "ND": 1.6385066828144486,
    "RMSE": 1.487973041588708,
    "test_loss": 4.09585767148146
}