{
    "ND": 1.654671948525153,
    "RMSE": 1.8001330374791022,
    "test_loss": 3.1956275598326727,
    "rou90": 7.406028302550911,
    "rou50": 17.69246502173499
}