{
    "ND": 1.003335953303452,
    "RMSE": 7.794044032244172,
    "test_loss": 4.652969550461066
}