{
    "ND": 0.9996484047196742,
    "RMSE": 3.6538233804055515,
    "test_loss": 5.747010197425956
}