{
    "ND": 1.0125328122146906,
    "RMSE": 2.7063278910258264,
    "test_loss": 8.691961651702425,
    "rou90": 8.978227370829183,
    "rou50": 16.350496490697193
}