{
    "ND": 1.0356880710102505,
    "RMSE": 2.7341532212723814,
    "test_loss": 8.80818465047808,
    "rou90": 8.945983922046434,
    "rou50": 16.310447042590233
}