{
    "ND": 1.0002958957245776,
    "RMSE": 2.075458495267865,
    "test_loss": 7.406358806553172
}