{
    "ND": 1.000023508155835,
    "RMSE": 2.075458414045444,
    "test_loss": 7.406421135290345
}