{
    "ND": 1.0101743234558527,
    "RMSE": 2.915575078968975,
    "test_loss": 5.4951569787779855
}