{
    "ND": 0.9996779923194146,
    "RMSE": 5.883080520540127,
    "test_loss": 6.63157374140042
}