{
    "ND": 1.0229024662741475,
    "RMSE": 1.8561214588771315,
    "test_loss": 6.794029284025493
}