{
    "ND": 0.9998961895318366,
    "RMSE": 14.367844829794182,
    "test_loss": 5.128458059210526
}