{
    "ND": 1.0212279858580329,
    "RMSE": 2.190325658723282,
    "test_loss": 5.251690609580592,
    "rou90": 5.456270864525291,
    "rou50": 13.846507994906894
}