{
    "ND": 1.0350504725976464,
    "RMSE": 2.9785454802207103,
    "test_loss": 5.539099531031367,
    "rou90": 9.853465713815451,
    "rou50": 14.841763314601687
}